{"cameraMode":{"drawMode":0,"name":"Shaded","section":"Shading Mode"},"sceneLighting":true,"audioPlay":false,"sceneViewState":{"showFog":true,"showMaterialUpdate":false,"showSkybox":true,"showFlares":true,"showImageEffects":true,"showParticleSystems":true,"showVisualEffectGraphs":true,"m_FxEnabled":true},"in2DMode":false,"pivot":{"x":-0.009412437677383423,"y":-3.7521276473999025,"z":2.6818084716796877},"rotation":{"x":0.39262449741363528,"y":-0.008277124725282193,"z":0.0035337277222424747,"w":0.9196552634239197},"size":11.083561897277832,"orthographic":false}